Year,CP,Estimation_method,Estimation_method_detailed,Region,LocalAuthority,Road,RoadCategory,Easting,Northing,StartJunction,EndJunction,LinkLength_miles,PedalCycles,Motorcycles,CarsTaxis,BusesCoaches,LightGoodsVehicles,V2AxleRigidHGV,V3AxleRigidHGV,V4or5AxleRigidHGV,V3or4AxleArticHGV,V5AxleArticHGV,V6orMoreAxleArticHGV,AllHGVs,AllMotorVehicles
"2000","6800","Estimated","Estimated using previous year's AADF on this link","London","Sutton","A232","PU","524000","163540","LA Boundary","A2043","0.62000000000000000","41.96","56.7","2989.68","12.7","280.55","106.14","3.86","2.49","8.39","4.99","2.04","127.92","3467.55"
"2000","6805","Estimated","Estimated using previous year's AADF on this link","London","Sutton","A237","PU","528900","164000","LA Boundary","A232","1.93000000000000010","71.71","289.67","11086.9","423.96","1553.81","287.56","42.18","37.97","35.15","57.65","63.28","523.8","13878.1"
"2000","8493","Estimated","Estimated using previous year's AADF on this link","London","Sutton","A2022","PU","528000","161160","LA Boundary","LA Boundary","1.24000000000000000","27.67","158.76","10554.4","12.25","1020.15","162.84","24.04","58.97","17.24","6.35","4.08","273.52","12019.1"
"2000","16783","Counted","Manual count","London","Sutton","A232","PU","529900","165000","A237","LA Boundary","1.42999999999999990","28.69","235.78","11769.3","164.84","1605.61","412.1","45.9","28.69","26.08","24","18.26","555.03","14330.5"
"2000","17732","Estimated","Estimated using previous year's AADF on this link","London","Sutton","A217","PU","524800","162990","B2230","A232","1.42999999999999990","15.65","184.14","15172.5","34.43","1475.72","280.64","26.08","57.38","34.43","33.39","22.95","454.87","17321.6"
"2000","18493","Counted","Manual count","London","Sutton","A2043","PU","522310","166000","A24","LA Boundary","0.99000000000000000","34.11","104.51","9402.6","136.81","991.03","131.36","9.43","10.52","9.07","6.89","2.54","169.83","10804.8"
"2000","26828","Counted","Manual count","London","Sutton","A237","PU","528640","165000","A232","LA Boundary","1.62000000000000010","87.27","417.49","9228.51","149.19","1191.16","349.09","33.61","52.48","31.25","56.02","34.79","557.25","11543.6"
"2000","27863","Estimated","Estimated using previous year's AADF on this link","London","Sutton","A2043","PU","524130","164000","A232","A24","1.06000000000000010","48.58","138.8","6445.03","107.96","533.23","109.11","10.41","5.4","3.86","3.08","1.54","133.4","7358.43"
"2000","28511","Estimated","Estimated using previous year's AADF on this link","London","Sutton","A24","PU","523432","165004","LA Boundary","A2043","0.43000000000000000","31.12","73.98","2569.54","17.78","363.72","64.62","3.02","3.65","2.22","1.59","1.11","76.2","3101.22"
"2000","28542","Counted","Dependent on a neighbouring counted link","London","Sutton","A217","PU","526133","166658","B278","LA Boundary","0.56000000000000000","33.68","64.71","3371.05","79.81","454.17","89.2","12.25","14.29","3.88","4.29","3.27","127.17","4096.9"
"2000","36819","Counted","Manual count","London","Sutton","A217","PU","525000","165400","A232","B278","2.10999999999999990","123.38","815.08","24026.6","311.53","2826.16","542.1","64.77","37.01","29.3","40.87","18.51","732.57","28711.9"
"2000","46834","Counted","Manual count","London","Sutton","A232","PU","525000","163850","A217","Sutton Park Rd","0.81000000000000000","41.28","89.93","5980.25","138.87","495.63","134.74","8.55","8.85","14.74","5.9","2.06","174.84","6879.52"
"2000","48551","Estimated","Estimated using previous year's AADF on this link","London","Sutton","A232","PU","524424","163642","A2043","A217","0.19000000000000000","5.72","11.5","1352.91","31.98","158.19","26.13","3.33","1.77","3.13","1.7","3.33","39.4","1593.98"
"2000","58170","Counted","Manual count","London","Sutton","A24","PU","524000","165908","A2043","LA Boundary","1.42999999999999990","25.56","123.11","11239.8","208.13","1556.58","203.44","22.95","18.78","9.91","17.74","13.04","285.86","13413.5"
"2000","73994","Counted","Dependent on a neighbouring counted link","London","Sutton","A297","PU","526060","166685","A217","LA Boundary","0.12000000000000000","9.98","26.54","928.66","25.13","101.2","18.19","1.22","0.82","2","1.32","0.73","24.27","1105.79"
"2000","75328","Estimated","Estimated using previous year's AADF on this link","London","Sutton","A232","PU","525900","164020","Sutton Park Rd","Chalk Pit Rd","0.25000000000000000","7.17","16.78","1252.21","6.53","110.86","22.59","1.81","0.45","1.27","1.09","0.18","27.4","1413.78"
"2000","75329","Estimated","Estimated using previous year's AADF on this link","London","Sutton","A232","PU","525850","163870","Cheam Rd","Carshalton Rd","0.37000000000000000","8.57","48.44","2799.85","100.84","286.99","45.86","5.44","2.99","4.35","2.59","0.68","61.92","3298.04"
"2000","75330","Estimated","Estimated using previous year's AADF on this link","London","Sutton","A232","PU","527000","164230","Chalk Pit Rd","A237","1.68000000000000010","34.9","225.35","12848","204.53","1454.36","318.43","31.23","16.53","14.08","7.35","4.9","392.52","15124.7"
"2001","6800","Estimated","Estimated using previous year's AADF on this link","London","Sutton","A232","PU","524000","163540","LA Boundary","A2043","0.62000000000000000","45.36","61.01","2993.31","12.93","280.55","98.89","3.86","2.49","8.39","4.99","2.27","120.88","3468.69"
"2001","6805","Counted","Manual count","London","Sutton","A237","PU","528900","164000","LA Boundary","A232","1.93000000000000010","63.28","340.99","13549.1","561.06","2012.92","281.23","32.34","26.72","21.09","78.04","71.01","510.44","16974.5"
"2001","8493","Counted","Manual count","London","Sutton","A2022","PU","528000","161160","LA Boundary","LA Boundary","1.24000000000000000","8.16","162.39","10731.3","40.37","1168.93","176.45","14.97","29.03","7.26","5.9","0.91","234.51","12337.5"
"2001","16783","Counted","Manual count","London","Sutton","A232","PU","529900","165000","A237","LA Boundary","1.42999999999999990","70.42","208.13","13295.6","175.79","1693.77","309.33","57.9","36.51","10.95","28.17","11.48","454.35","15827.6"
"2001","17732","Counted","Manual count","London","Sutton","A217","PU","524800","162990","B2230","A232","1.42999999999999990","19.3","216.48","12880.4","63.12","1533.1","205.53","22.43","42.25","33.91","45.38","25.04","374.54","15067.6"
"2001","18493","Estimated","Estimated using previous year's AADF on this link","London","Sutton","A2043","PU","522310","166000","A24","LA Boundary","0.99000000000000000","37.74","112.86","9412.04","146.24","993.93","122.65","10.16","9.8","8.35","6.17","2.9","160.03","10825.1"
"2001","26828","Estimated","Estimated using previous year's AADF on this link","London","Sutton","A237","PU","528640","165000","A232","LA Boundary","1.62000000000000010","96.12","451.7","9237.95","159.8","1194.69","326.09","37.15","50.12","29.48","51.89","41.87","536.61","11580.8"
"2001","27863","Counted","Manual count","London","Sutton","A2043","PU","524130","164000","A232","A24","1.06000000000000010","24.68","114.51","5540.89","114.13","531.3","116.44","6.55","14.27","5.01","0.39","0.39","143.04","6443.88"
"2001","28511","Counted","Dependent on a neighbouring counted link","London","Sutton","A24","PU","523432","165004","LA Boundary","A2043","0.43000000000000000","44.77","53.34","2409.51","20.64","345.62","59.54","3.65","2.54","2.22","4.45","1.27","73.66","2902.77"
"2001","28542","Estimated","Estimated using previous year's AADF on this link","London","Sutton","A217","PU","526133","166658","B278","LA Boundary","0.56000000000000000","36.95","70.01","3374.52","85.32","455.6","83.28","13.27","13.47","3.67","3.88","3.88","121.45","4106.9"
"2001","36819","Counted","Manual count","London","Sutton","A217","PU","525000","165400","A232","B278","2.10999999999999990","62.46","576.03","26031.5","244.45","2808.43","581.43","57.83","67.09","28.53","49.35","22.36","806.59","30467"
"2001","46834","Counted","Manual count","London","Sutton","A232","PU","525000","163850","A217","Sutton Park Rd","0.81000000000000000","17.1","68.99","5546.84","111.15","641.57","129.14","12.68","3.54","18.57","12.68","6.78","183.39","6551.95"
"2001","48551","Estimated","Estimated using previous year's AADF on this link","London","Sutton","A232","PU","524424","163642","A2043","A217","0.19000000000000000","6.26","12.45","1354.27","34.22","158.67","24.43","3.61","1.7","2.99","1.56","4.01","38.31","1597.92"
"2001","58170","Estimated","Estimated using previous year's AADF on this link","London","Sutton","A24","PU","524000","165908","A2043","LA Boundary","1.42999999999999990","28.17","133.02","11251.3","222.74","1561.27","189.88","25.04","17.74","9.39","16.69","16.17","274.9","13443.2"
"2001","73994","Estimated","Estimated using previous year's AADF on this link","London","Sutton","A297","PU","526060","166685","A217","LA Boundary","0.12000000000000000","10.98","28.67","929.61","26.9","101.47","17.01","1.32","0.82","1.91","1.22","0.91","23.18","1109.83"
"2001","75328","Counted","Manual count","London","Sutton","A232","PU","525900","164020","Sutton Park Rd","Chalk Pit Rd","0.25000000000000000","7.89","18.14","1253.48","6.99","111.22","21.14","2","0.45","1.18","1","0.27","26.04","1415.87"
"2001","75329","Counted","Manual count","London","Sutton","A232","PU","525850","163870","Cheam Rd","Carshalton Rd","0.37000000000000000","9.39","52.39","2802.71","107.91","287.81","42.87","5.99","2.86","4.08","2.45","0.82","59.06","3309.88"
"2001","75330","Counted","Manual count","London","Sutton","A232","PU","527000","164230","Chalk Pit Rd","A237","1.68000000000000010","38.58","243.72","12860.8","218.61","1459.26","297","34.29","15.31","13.47","6.74","6.12","372.93","15155.3"
"2002","6800","Estimated","Estimated using previous year's AADF on this link","London","Sutton","A232","PU","524000","163540","LA Boundary","A2043","0.62000000000000000","46.49","58.51","2993.31","13.15","286","91.63","3.86","2.49","8.16","4.99","2.27","113.4","3464.38"
"2002","6805","Estimated","Estimated using previous year's AADF on this link","London","Sutton","A237","PU","528900","164000","LA Boundary","A232","1.93000000000000010","65.39","326.23","13549.1","611.68","2053","261.55","32.34","26.72","18.28","63.28","72.42","474.58","17014.6"
"2002","8493","Estimated","Estimated using previous year's AADF on this link","London","Sutton","A2022","PU","528000","161160","LA Boundary","LA Boundary","1.24000000000000000","8.16","155.59","10731.3","44","1192.06","164.2","14.97","29.03","6.35","4.99","0.91","220.45","12343.4"
"2002","16783","Estimated","Estimated using previous year's AADF on this link","London","Sutton","A232","PU","529900","165000","A237","LA Boundary","1.42999999999999990","73.03","199.27","13295.6","191.96","1727.68","287.95","57.9","36.51","9.39","22.95","11.48","426.18","15840.7"
"2002","17732","Estimated","Estimated using previous year's AADF on this link","London","Sutton","A217","PU","524800","162990","B2230","A232","1.42999999999999990","20.34","207.09","12880.4","68.86","1563.88","191.44","22.43","42.25","28.69","37.04","26.08","347.93","15068.1"
"2002","18493","Counted","Manual count","London","Sutton","A2043","PU","522310","166000","A24","LA Boundary","0.99000000000000000","99.43","249.3","8270.78","139.35","930.06","229.7","9.07","17.42","3.63","2.54","0.36","262.73","9852.21"
"2002","26828","Counted","Manual count","London","Sutton","A237","PU","528640","165000","A232","LA Boundary","1.62000000000000010","54.25","191.06","9099.96","173.37","1319.71","421.03","32.43","34.2","20.64","74.89","55.43","638.62","11422.7"
"2002","27863","Estimated","Estimated using previous year's AADF on this link","London","Sutton","A2043","PU","524130","164000","A232","A24","1.06000000000000010","25.45","109.5","5540.89","124.54","542.1","108.34","6.55","14.27","4.24","0.39","0.39","134.18","6451.2"
"2002","28511","Estimated","Estimated using previous year's AADF on this link","London","Sutton","A24","PU","523432","165004","LA Boundary","A2043","0.43000000000000000","46.68","55.41","2448.08","20.8","370.55","56.2","3.65","2.54","1.91","3.81","1.27","69.38","2964.21"
"2002","28542","Counted","Dependent on a neighbouring counted link","London","Sutton","A217","PU","526133","166658","B278","LA Boundary","0.56000000000000000","23.68","112.06","3176.73","68.79","444.57","124.51","10","18.78","2.04","2.86","3.47","161.66","3963.81"
"2002","36819","Counted","Manual count","London","Sutton","A217","PU","525000","165400","A232","B278","2.10999999999999990","55.52","404.07","24220.9","260.64","2169.94","625.38","61.69","59.38","57.06","51.67","33.16","888.33","27943.9"
"2002","46834","Estimated","Estimated using previous year's AADF on this link","London","Sutton","A232","PU","525000","163850","A217","Sutton Park Rd","0.81000000000000000","17.69","66.04","5546.84","121.18","654.55","120","12.68","3.54","15.92","10.32","6.78","169.24","6557.85"
"2002","48551","Counted","Manual count","London","Sutton","A232","PU","524424","163642","A2043","A217","0.19000000000000000","3.95","19.05","1241.66","35.79","143.97","31.71","2.45","2.18","0.54","1.36","0.41","38.65","1479.12"
"2002","58170","Counted","Manual count","London","Sutton","A24","PU","524000","165908","A2043","LA Boundary","1.42999999999999990","119.98","377.15","11605.5","236.3","1322.36","341.67","20.34","10.95","5.74","12","9.39","400.1","13941.4"
"2002","73994","Counted","Dependent on a neighbouring counted link","London","Sutton","A297","PU","526060","166685","A217","LA Boundary","0.12000000000000000","4.63","35.93","787.72","21.41","96.75","24","2.81","2.22","0.54","1.81","0.68","32.07","973.88"
"2002","75328","Estimated","Estimated using previous year's AADF on this link","London","Sutton","A232","PU","525900","164020","Sutton Park Rd","Chalk Pit Rd","0.25000000000000000","8.16","17.33","1253.48","7.62","113.49","19.69","2","0.45","1","0.82","0.27","24.22","1416.14"
"2002","75329","Estimated","Estimated using previous year's AADF on this link","London","Sutton","A232","PU","525850","163870","Cheam Rd","Carshalton Rd","0.37000000000000000","9.8","50.08","2802.71","117.71","293.53","39.87","5.99","2.86","3.54","2.04","0.82","55.11","3319.13"
"2002","75330","Counted","Manual count","London","Sutton","A232","PU","527000","164230","Chalk Pit Rd","A237","1.68000000000000010","71.03","221.06","12542.4","267.6","1124.91","394.97","27.56","20.21","23.27","12.86","7.96","486.83","14642.8"
"2003","6800","Counted","Manual count","London","Sutton","A232","PU","524000","163540","LA Boundary","A2043","0.62000000000000000","64.41","63.96","2053.45","17.01","317.75","64.41","4.54","2.04","6.35","3.4","1.59","82.33","2534.5"
"2003","6805","Counted","Manual count","London","Sutton","A237","PU","528900","164000","LA Boundary","A232","1.93000000000000010","65.39","324.12","12333.5","581.45","1522.87","479.5","42.89","67.5","15.47","29.53","24.61","659.49","15421.4"
"2003","8493","Counted","Manual count","London","Sutton","A2022","PU","528000","161160","LA Boundary","LA Boundary","1.24000000000000000","11.34","161.48","9549.21","24.95","910.83","273.97","15.42","41.28","14.52","1.81","1.36","348.37","10994.8"
"2003","16783","Counted","Manual count","London","Sutton","A232","PU","529900","165000","A237","LA Boundary","1.42999999999999990","50.6","207.61","12527.2","304.64","1923.29","483.04","42.25","49.56","30.26","22.95","14.08","642.14","15604.9"
"2003","17732","Counted","Manual count","London","Sutton","A217","PU","524800","162990","B2230","A232","1.42999999999999990","10.95","183.1","12287.3","37.56","1970.76","430.35","36.51","26.6","41.21","57.9","33.91","626.49","15105.2"
"2003","18493","Estimated","Estimated using previous year's AADF on this link","London","Sutton","A2043","PU","522310","166000","A24","LA Boundary","0.99000000000000000","144.43","258.01","8105.31","160.76","1023.69","206.84","8.71","17.42","3.63","2.54","0.36","239.5","9787.26"
"2003","26828","Estimated","Estimated using previous year's AADF on this link","London","Sutton","A237","PU","528640","165000","A232","LA Boundary","1.62000000000000010","79.02","197.54","8918.34","199.9","1452.97","379.17","30.66","34.2","21.23","71.35","65.45","602.06","11370.8"
"2003","27863","Estimated","Estimated using previous year's AADF on this link","London","Sutton","A2043","PU","524130","164000","A232","A24","1.06000000000000010","37.01","113.35","5430.24","143.81","596.85","97.55","6.55","14.27","4.24","0.39","0.39","123.38","6407.64"
"2003","28511","Counted","Dependent on a neighbouring counted link","London","Sutton","A24","PU","523432","165004","LA Boundary","A2043","0.43000000000000000","45.25","81.76","2219.79","18.57","322.12","60.81","1.91","5.56","1.91","4.13","3.97","78.27","2720.52"
"2003","28542","Estimated","Estimated using previous year's AADF on this link","London","Sutton","A217","PU","526133","166658","B278","LA Boundary","0.56000000000000000","34.29","115.94","3113.24","79.2","489.48","112.06","9.59","18.37","2.04","2.86","4.08","149.01","3946.87"
"2003","36819","Counted","Manual count","London","Sutton","A217","PU","525000","165400","A232","B278","2.10999999999999990","102.56","376.31","25209.5","356.26","2548.56","586.82","34.7","46.27","47.81","59.38","34.7","809.68","29300.3"
"2003","46834","Estimated","Estimated using previous year's AADF on this link","London","Sutton","A232","PU","525000","163850","A217","Sutton Park Rd","0.81000000000000000","25.65","68.4","5435.98","139.75","720.59","108.21","12.09","3.54","16.22","9.73","8.26","158.03","6522.76"
"2003","48551","Estimated","Estimated using previous year's AADF on this link","London","Sutton","A232","PU","524424","163642","A2043","A217","0.19000000000000000","5.78","19.73","1216.83","41.3","158.53","28.58","2.31","2.18","0.54","1.29","0.54","35.45","1471.84"
"2003","58170","Estimated","Estimated using previous year's AADF on this link","London","Sutton","A24","PU","524000","165908","A2043","LA Boundary","1.42999999999999990","174.23","390.19","11373.3","272.82","1455.9","307.77","19.3","10.95","5.74","11.48","10.95","366.19","13858.4"
"2003","73994","Estimated","Estimated using previous year's AADF on this link","London","Sutton","A297","PU","526060","166685","A217","LA Boundary","0.12000000000000000","6.71","37.15","771.98","24.68","106.51","21.64","2.68","2.22","0.54","1.72","0.77","29.57","969.89"
"2003","75328","Estimated","Estimated using previous year's AADF on this link","London","Sutton","A232","PU","525900","164020","Sutton Park Rd","Chalk Pit Rd","0.25000000000000000","11.88","17.87","1228.44","8.8","124.92","17.78","1.91","0.45","1","0.82","0.36","22.32","1402.35"
"2003","75329","Estimated","Estimated using previous year's AADF on this link","London","Sutton","A232","PU","525850","163870","Cheam Rd","Carshalton Rd","0.37000000000000000","14.29","51.85","2746.64","135.67","323.19","35.93","5.72","2.86","3.67","1.91","0.95","51.03","3308.38"
"2003","75330","Counted","Manual count","London","Sutton","A232","PU","527000","164230","Chalk Pit Rd","A237","1.68000000000000010","69.2","339.86","12492.8","235.76","1510.08","407.22","14.7","23.88","17.15","9.8","8.57","481.32","15059.8"
"2004","6800","Counted","Manual count","London","Sutton","A232","PU","524000","163540","LA Boundary","A2043","0.62000000000000000","25.93","64.13","2351.09","17.06","351.14","74.59","5.23","2.05","6.37","3.41","1.59","93.24","2876.66"
"2004","6805","Counted","Manual count","London","Sutton","A237","PU","528900","164000","LA Boundary","A232","1.93000000000000010","39.48","156.51","13065.2","526.64","2074.13","375.77","34.55","68.39","24.68","40.89","53.58","597.85","16420.3"
"2004","8493","Estimated","Estimated using previous year's AADF on this link","London","Sutton","A2022","PU","528000","161160","LA Boundary","LA Boundary","1.24000000000000000","10.01","154.19","9690.45","28.66","864.66","303.38","17.74","49.58","13.65","1.82","1.36","387.53","11125.5"
"2004","16783","Counted","Manual count","London","Sutton","A232","PU","529900","165000","A237","LA Boundary","1.42999999999999990","57.01","222.83","13390.6","331.1","2060.37","404.33","34.52","39.23","13.08","14.12","15.17","520.45","16525.4"
"2004","17732","Counted","Manual count","London","Sutton","A217","PU","524800","162990","B2230","A232","1.42999999999999990","37.14","210.8","12237.2","52.31","1353.71","426.3","38.71","48.65","28.25","24.58","31.91","598.39","14452.4"
"2004","18493","Counted","Manual count","London","Sutton","A2043","PU","522310","166000","A24","LA Boundary","0.99000000000000000","103.34","123.72","7963.04","145.19","696.46","143","8.73","10.92","5.46","5.82","3.64","177.57","9105.97"
"2004","26828","Counted","Manual count","London","Sutton","A237","PU","528640","165000","A232","LA Boundary","1.62000000000000010","65.63","195.13","9155.05","188.03","1169.59","340.59","21.88","48.49","34.89","41.98","20.1","507.92","11215.7"
"2004","27863","Counted","Manual count","London","Sutton","A2043","PU","524130","164000","A232","A24","1.06000000000000010","23.58","66.5","6058.68","134.16","509.95","122.56","12.37","7.73","8.51","3.48","1.16","155.81","6925.09"
"2004","28511","Estimated","Estimated using previous year's AADF on this link","London","Sutton","A24","PU","523432","165004","LA Boundary","A2043","0.43000000000000000","36.61","53.97","2254.68","15.28","355.64","74.5","2.39","7.32","1.91","3.82","4.94","94.88","2774.46"
"2004","28542","Counted","Dependent on a neighbouring counted link","London","Sutton","A217","PU","526133","166658","B278","LA Boundary","0.56000000000000000","40.12","72.05","3571.25","87.4","433.92","136.52","15.76","21.08","4.91","4.91","4.91","188.1","4352.72"
"2004","36819","Counted","Manual count","London","Sutton","A217","PU","525000","165400","A232","B278","2.10999999999999990","76.55","409.81","21368.3","269.09","3177.22","432.24","43.3","70.36","45.62","63.41","94.33","749.26","25973.7"
"2004","46834","Counted","Manual count","London","Sutton","A232","PU","525000","163850","A217","Sutton Park Rd","0.81000000000000000","79.53","105.84","5625.89","209.61","679.99","116.49","19.81","14.19","5.03","8.28","3.84","167.63","6788.97"
"2004","48551","Estimated","Estimated using previous year's AADF on this link","London","Sutton","A232","PU","524424","163642","A2043","A217","0.19000000000000000","4.98","18.9","1234.76","47.21","150.51","31.66","2.73","2.59","0.55","1.16","0.55","39.23","1490.61"
"2004","58170","Counted","Manual count","London","Sutton","A24","PU","524000","165908","A2043","LA Boundary","1.42999999999999990","98.86","176.8","10521.6","279.84","1006.91","288.73","10.98","19.35","18.83","18.31","13.08","369.29","12354.4"
"2004","73994","Counted","Dependent on a neighbouring counted link","London","Sutton","A297","PU","526060","166685","A217","LA Boundary","0.12000000000000000","7.19","31.66","806.12","31.7","118.71","24.24","1.86","1.09","1.36","1.5","1.27","31.34","1019.53"
"2004","75328","Estimated","Estimated using previous year's AADF on this link","London","Sutton","A232","PU","525900","164020","Sutton Park Rd","Chalk Pit Rd","0.25000000000000000","10.28","17.19","1246.54","10.1","118.62","19.65","2.18","0.55","1","0.73","0.36","24.47","1416.93"
"2004","75329","Estimated","Estimated using previous year's AADF on this link","London","Sutton","A232","PU","525850","163870","Cheam Rd","Carshalton Rd","0.37000000000000000","12.28","49.53","2787.19","155.42","306.88","39.71","6.69","3.41","3.55","1.77","1.09","56.22","3355.25"
"2004","75330","Counted","Manual count","London","Sutton","A232","PU","527000","164230","Chalk Pit Rd","A237","1.68000000000000010","28.25","219.83","12544.2","195.26","1332.46","462.99","33.16","17.81","9.21","5.53","9.21","537.9","14829.7"
"2005","6800","Counted","Manual count","London","Sutton","A232","PU","524000","163540","LA Boundary","A2043","0.62000000000000000","12.02","46.49","2885.36","21.32","282.14","94.12","5.22","2.27","2.27","3.4","1.59","108.86","3344.17"
"2005","6805","Counted","Manual count","London","Sutton","A237","PU","528900","164000","LA Boundary","A232","1.93000000000000010","59.76","276.31","12484.6","581.45","1708.49","382.48","31.64","52.73","23.9","23.9","20.39","535.05","15585.9"
"2005","8493","Counted","Manual count","London","Sutton","A2022","PU","528000","161160","LA Boundary","LA Boundary","1.24000000000000000","19.5","143.79","11169.9","33.57","1080.48","284.86","27.67","56.25","11.79","4.08","3.63","388.28","12816"
"2005","16783","Estimated","Estimated using previous year's AADF on this link","London","Sutton","A232","PU","529900","165000","A237","LA Boundary","1.42999999999999990","57.9","203.96","13206.9","353.15","2098.04","380.28","31.82","38.6","13.04","14.08","17.74","495.56","16357.6"
"2005","17732","Counted","Manual count","London","Sutton","A217","PU","524800","162990","B2230","A232","1.42999999999999990","31.82","237.87","12370.7","72.51","1698.46","297.86","32.86","53.73","22.43","35.99","23.47","466.35","14845.9"
"2005","18493","Estimated","Estimated using previous year's AADF on this link","London","Sutton","A2043","PU","522310","166000","A24","LA Boundary","0.99000000000000000","105.24","113.22","7854.19","154.59","709.43","134.63","8.35","10.89","5.44","5.81","4.35","169.47","9000.89"
"2005","26828","Estimated","Estimated using previous year's AADF on this link","London","Sutton","A237","PU","528640","165000","A232","LA Boundary","1.62000000000000010","66.63","179.26","9029.2","200.49","1190.57","320.79","20.05","48.35","34.79","41.28","24.18","489.44","11089"
"2005","27863","Estimated","Estimated using previous year's AADF on this link","London","Sutton","A2043","PU","524130","164000","A232","A24","1.06000000000000010","23.9","61.3","5975.42","143.43","519.74","115.67","11.57","7.71","8.48","3.47","1.54","148.44","6848.33"
"2005","28511","Counted","Dependent on a neighbouring counted link","London","Sutton","A24","PU","523432","165004","LA Boundary","A2043","0.43000000000000000","28.1","51.76","2363.62","18.1","298.15","46.99","3.18","4.45","1.11","3.02","2.06","60.81","2792.44"
"2005","28542","Estimated","Estimated using previous year's AADF on this link","London","Sutton","A217","PU","526133","166658","B278","LA Boundary","0.56000000000000000","40.82","65.93","3522.3","93.08","441.72","128.6","14.7","21.02","4.9","4.9","5.72","179.83","4302.86"
"2005","36819","Counted","Manual count","London","Sutton","A217","PU","525000","165400","A232","B278","2.10999999999999990","178.9","455.73","24355.9","265.27","2792.23","612.27","43.95","64","28.53","50.89","39.33","838.98","28708.1"
"2005","46834","Estimated","Estimated using previous year's AADF on this link","London","Sutton","A232","PU","525000","163850","A217","Sutton Park Rd","0.81000000000000000","81.08","97.3","5548.61","223.19","692.58","109.68","18.28","14.15","5.01","8.26","4.72","160.1","6721.78"
"2005","48551","Estimated","Estimated using previous year's AADF on this link","London","Sutton","A232","PU","524424","163642","A2043","A217","0.19000000000000000","5.03","17.28","1217.85","50.35","153.29","29.73","2.45","2.59","0.54","1.16","0.68","37.15","1475.93"
"2005","58170","Estimated","Estimated using previous year's AADF on this link","London","Sutton","A24","PU","524000","165908","A2043","LA Boundary","1.42999999999999990","100.68","162.23","10377.5","297.86","1025.02","271.78","10.43","19.3","18.78","17.21","15.13","352.63","12215.3"
"2005","73994","Estimated","Estimated using previous year's AADF on this link","London","Sutton","A297","PU","526060","166685","A217","LA Boundary","0.12000000000000000","7.26","29.03","795.07","33.79","120.93","22.82","1.68","1.09","1.36","1.5","1.5","29.94","1008.76"
"2005","75328","Estimated","Estimated using previous year's AADF on this link","London","Sutton","A232","PU","525900","164020","Sutton Park Rd","Chalk Pit Rd","0.25000000000000000","10.43","15.69","1229.44","10.7","120.84","18.51","2","0.54","1","0.73","0.45","23.22","1399.9"
"2005","75329","Estimated","Estimated using previous year's AADF on this link","London","Sutton","A232","PU","525850","163870","Cheam Rd","Carshalton Rd","0.37000000000000000","12.52","45.45","2749.09","165.47","312.44","37.42","6.12","3.4","3.54","1.77","1.22","53.48","3325.94"
"2005","75330","Counted","Manual count","London","Sutton","A232","PU","527000","164230","Chalk Pit Rd","A237","1.68000000000000010","82.06","166.56","12696.1","214.94","1354.54","319.04","26.33","14.7","14.7","17.15","7.96","399.87","14832"
"2006","6800","Counted","Manual count","London","Sutton","A232","PU","524000","163540","LA Boundary","A2043","0.62000000000000000","36.97","47.85","3138.47","32.43","380.34","61.69","3.86","3.63","3.86","3.63","0.68","77.34","3676.44"
"2006","6805","Counted","Manual count","London","Sutton","A237","PU","528900","164000","LA Boundary","A232","1.93000000000000010","165.22","317.79","12302.5","651.76","2259.7","403.57","28.83","44.29","27.42","22.5","14.06","540.67","16072.4"
"2006","8493","Estimated","Estimated using previous year's AADF on this link","London","Sutton","A2022","PU","528000","161160","LA Boundary","LA Boundary","1.24000000000000000","24.04","156.49","11375","35.38","1070.95","282.59","26.76","58.51","10.43","3.18","3.63","385.11","13022.9"
"2006","16783","Counted","Manual count","London","Sutton","A232","PU","529900","165000","A237","LA Boundary","1.42999999999999990","74.07","254.56","8674.89","287.95","1958.76","386.54","48.51","52.16","17.21","28.17","10.43","543.03","11719.2"
"2006","17732","Counted","Manual count","London","Sutton","A217","PU","524800","162990","B2230","A232","1.42999999999999990","32.86","264.47","11847","73.55","2029.71","292.64","32.86","50.08","25.56","34.95","20.87","456.96","14671.7"
"2006","18493","Counted","Manual count","London","Sutton","A2043","PU","522310","166000","A24","LA Boundary","0.99000000000000000","169.47","170.92","7300.44","178.54","1220.73","101.24","13.06","5.81","4.35","3.99","2.9","131.36","9001.98"
"2006","26828","Counted","Manual count","London","Sutton","A237","PU","528640","165000","A232","LA Boundary","1.62000000000000010","70.17","202.85","8070.97","316.07","1638.72","416.31","47.76","60.15","32.43","31.84","33.61","622.11","10850.7"
"2006","27863","Estimated","Estimated using previous year's AADF on this link","London","Sutton","A2043","PU","524130","164000","A232","A24","1.06000000000000010","30.07","66.32","6085.31","150.37","515.11","114.9","11.18","8.48","7.71","3.47","1.54","147.28","6964.39"
"2006","28511","Estimated","Estimated using previous year's AADF on this link","London","Sutton","A24","PU","523432","165004","LA Boundary","A2043","0.43000000000000000","44.14","44.93","2318.69","16.83","302.44","45.41","2.86","4.45","0.79","2.22","1.91","57.63","2740.52"
"2006","28542","Estimated","Estimated using previous year's AADF on this link","London","Sutton","A217","PU","526133","166658","B278","LA Boundary","0.56000000000000000","50.62","71.85","3587.01","97.77","438.04","127.58","14.08","22.05","4.08","4.08","5.92","177.79","4372.46"
"2006","36819","Counted","Manual count","London","Sutton","A217","PU","525000","165400","A232","B278","2.10999999999999990","88.68","394.81","23216.2","505.08","3740.71","467.3","47.04","53.21","51.67","43.95","21.59","684.76","28541.5"
"2006","46834","Estimated","Estimated using previous year's AADF on this link","London","Sutton","A232","PU","525000","163850","A217","Sutton Park Rd","0.81000000000000000","100.54","105.55","5650.62","234.4","686.39","108.8","17.69","14.74","4.42","6.78","5.01","157.44","6834.41"
"2006","48551","Estimated","Estimated using previous year's AADF on this link","London","Sutton","A232","PU","524424","163642","A2043","A217","0.19000000000000000","6.26","18.85","1240.24","52.8","152","29.6","2.45","2.72","0.48","1.02","0.68","36.95","1500.83"
"2006","58170","Counted","Manual count","London","Sutton","A24","PU","524000","165908","A2043","LA Boundary","1.42999999999999990","150.75","248.3","10703","237.87","1767.84","295.77","22.43","11.48","21.39","16.17","10.95","378.19","13335.2"
"2006","73994","Counted","Dependent on a neighbouring counted link","London","Sutton","A297","PU","526060","166685","A217","LA Boundary","0.12000000000000000","6.12","22.45","807.14","38.96","124.88","19.23","1.09","1.86","0.91","1.59","1.09","25.76","1019.2"
"2006","75328","Estimated","Estimated using previous year's AADF on this link","London","Sutton","A232","PU","525900","164020","Sutton Park Rd","Chalk Pit Rd","0.25000000000000000","12.97","17.15","1252.03","11.25","119.75","18.33","2","0.54","0.82","0.54","0.45","22.68","1422.86"
"2006","75329","Estimated","Estimated using previous year's AADF on this link","London","Sutton","A232","PU","525850","163870","Cheam Rd","Carshalton Rd","0.37000000000000000","15.51","49.4","2799.44","173.64","309.85","37.15","5.99","3.54","2.99","1.5","1.36","52.53","3384.86"
"2006","75330","Counted","Manual count","London","Sutton","A232","PU","527000","164230","Chalk Pit Rd","A237","1.68000000000000010","108.39","219.23","12197.6","301.28","2194.09","401.1","50.21","23.88","11.02","15.92","12.86","515","15427.2"
"2007","6800","Estimated","Estimated using previous year's AADF on this link","London","Sutton","A232","PU","524000","163540","LA Boundary","A2043","0.62000000000000000","47.4","46.95","3091.52","32.43","388.74","68.72","4.31","4.54","3.63","3.86","0.68","85.73","3645.36"
"2007","6805","Counted","Manual count","London","Sutton","A237","PU","528900","164000","LA Boundary","A232","1.93000000000000010","88.59","243.27","12380.6","683.4","2114.17","293.18","25.31","54.84","21.8","15.47","15.47","426.07","15847.5"
"2007","8493","Counted","Manual count","London","Sutton","A2022","PU","528000","161160","LA Boundary","LA Boundary","1.24000000000000000","2.27","69.4","7669.03","43.55","767.49","69.4","8.16","24.04","17.24","6.35","13.61","138.8","8688.27"
"2007","16783","Counted","Manual count","London","Sutton","A232","PU","529900","165000","A237","LA Boundary","1.42999999999999990","41.73","211.79","11551.7","300.99","2218.54","476.26","44.34","24.52","19.3","21.91","30.26","616.58","14899.6"
"2007","17732","Counted","Manual count","London","Sutton","A217","PU","524800","162990","B2230","A232","1.42999999999999990","35.99","157.54","12225.2","107.98","1823.66","292.12","72.51","37.56","14.61","42.77","40.69","500.25","14814.6"
"2007","18493","Estimated","Estimated using previous year's AADF on this link","London","Sutton","A2043","PU","522310","166000","A24","LA Boundary","0.99000000000000000","218.82","167.65","7190.48","178.54","1247.95","113.58","14.88","6.89","4.35","3.99","3.27","146.97","8931.58"
"2007","26828","Estimated","Estimated using previous year's AADF on this link","London","Sutton","A237","PU","528640","165000","A232","LA Boundary","1.62000000000000010","90.81","199.31","7950.08","317.25","1674.69","465.85","53.07","74.3","31.25","34.2","38.92","697.59","10838.9"
"2007","27863","Estimated","Estimated using previous year's AADF on this link","London","Sutton","A2043","PU","524130","164000","A232","A24","1.06000000000000010","38.56","65.16","5993.93","150.75","526.29","128.39","12.34","10.02","7.33","3.47","1.93","163.48","6899.61"
"2007","28511","Counted","Dependent on a neighbouring counted link","London","Sutton","A24","PU","523432","165004","LA Boundary","A2043","0.43000000000000000","30.64","34.13","2771.8","16.99","340.38","46.04","4.13","2.54","1.59","2.86","2.7","59.85","3223.15"
"2007","28542","Estimated","Estimated using previous year's AADF on this link","London","Sutton","A217","PU","526133","166658","B278","LA Boundary","0.56000000000000000","65.32","70.22","3533.12","98.18","447.84","142.88","15.72","27.15","4.08","4.29","6.94","201.06","4350.42"
"2007","36819","Counted","Manual count","London","Sutton","A217","PU","525000","165400","A232","B278","2.10999999999999990","62.46","319.24","25770.1","367.83","3189.36","440.31","98.7","46.27","10.02","52.44","130.32","778.06","30424.6"
"2007","46834","Estimated","Estimated using previous year's AADF on this link","London","Sutton","A232","PU","525000","163850","A217","Sutton Park Rd","0.81000000000000000","129.73","103.78","5566","235.28","701.72","121.77","19.75","17.99","4.13","7.37","5.6","176.61","6783.4"
"2007","48551","Estimated","Estimated using previous year's AADF on this link","London","Sutton","A232","PU","524424","163642","A2043","A217","0.19000000000000000","8.03","18.51","1221.66","53","155.27","33.14","2.72","3.33","0.41","1.02","0.82","41.44","1489.88"
"2007","58170","Estimated","Estimated using previous year's AADF on this link","London","Sutton","A24","PU","524000","165908","A2043","LA Boundary","1.42999999999999990","195.09","243.61","10542.4","238.91","1806.96","330.72","25.04","14.08","20.34","16.69","12.52","419.4","13251.3"
"2007","73994","Estimated","Estimated using previous year's AADF on this link","London","Sutton","A297","PU","526060","166685","A217","LA Boundary","0.12000000000000000","7.89","22","795.03","39.06","127.6","21.5","1.22","2.27","0.82","1.68","1.22","28.71","1012.39"
"2007","75328","Estimated","Estimated using previous year's AADF on this link","London","Sutton","A232","PU","525900","164020","Sutton Park Rd","Chalk Pit Rd","0.25000000000000000","16.69","16.78","1233.25","11.25","122.38","20.5","2.18","0.73","0.82","0.64","0.54","25.4","1409.07"
"2007","75329","Estimated","Estimated using previous year's AADF on this link","London","Sutton","A232","PU","525850","163870","Cheam Rd","Carshalton Rd","0.37000000000000000","20","48.44","2757.53","174.32","316.66","41.64","6.67","4.35","2.86","1.63","1.5","58.65","3355.6"
"2007","75330","Counted","Manual count","London","Sutton","A232","PU","527000","164230","Chalk Pit Rd","A237","1.68000000000000010","59.4","197.79","12252.1","291.48","2067.94","224.12","47.76","15.92","14.7","12.25","8.57","323.33","15132.7"
"2008","6800","Counted","Manual count","London","Sutton","A232","PU","524000","163540","LA Boundary","A2043","0.62000000000000000","13.87","25.02","2451.38","22.29","273.13","48.21","5","2.96","0.45","3.18","4.32","64.13","2835.95"
"2008","6805","Counted","Manual count","London","Sutton","A237","PU","528900","164000","LA Boundary","A232","1.93000000000000010","91.65","114.92","5978.47","355.32","885.49","159.33","27.5","19.04","7.05","17.63","9.17","239.7","7573.9"
"2008","8493","Estimated","Estimated using previous year's AADF on this link","London","Sutton","A2022","PU","528000","161160","LA Boundary","LA Boundary","1.24000000000000000","2.73","67.77","7513.11","44.12","753.68","67.77","8.64","24.56","14.55","5.46","13.19","134.18","8512.85"
"2008","16783","Counted","Manual count","London","Sutton","A232","PU","529900","165000","A237","LA Boundary","1.42999999999999990","58.58","183.07","12383.2","269.38","1421.7","304.95","91.01","42.89","8.37","46.55","43.41","537.19","14794.5"
"2008","17732","Counted","Manual count","London","Sutton","A217","PU","524800","162990","B2230","A232","1.42999999999999990","27.2","105.14","11042.5","52.31","1363.64","333.2","77.41","52.83","12.55","16.74","51.78","544.52","13108.1"
"2008","18493","Counted","Manual count","London","Sutton","A2043","PU","522310","166000","A24","LA Boundary","0.99000000000000000","42.21","62.95","8524.14","144.09","1018.85","110.98","14.92","5.09","3.64","3.64","0.36","138.64","9888.67"
"2008","26828","Counted","Manual count","London","Sutton","A237","PU","528640","165000","A232","LA Boundary","1.62000000000000010","44.94","106.43","7950.58","122.99","1115.19","313.98","52.03","39.03","16.56","14.19","35.48","471.26","9766.45"
"2008","27863","Counted","Manual count","London","Sutton","A2043","PU","524130","164000","A232","A24","1.06000000000000010","21.65","66.5","7380.91","175.14","686.25","114.05","8.89","6.19","0.77","5.03","8.51","143.43","8452.22"
"2008","28511","Estimated","Estimated using previous year's AADF on this link","London","Sutton","A24","PU","523432","165004","LA Boundary","A2043","0.43000000000000000","34.55","32","2726.54","17.19","357.55","44.26","4.46","2.71","1.27","2.39","2.71","57.79","3191.07"
"2008","28542","Counted","Dependent on a neighbouring counted link","London","Sutton","A217","PU","526133","166658","B278","LA Boundary","0.56000000000000000","22.72","65.5","2386.36","85.76","355.73","66.11","7.78","5.53","3.27","3.27","10.03","95.99","2989.35"
"2008","36819","Counted","Manual count","London","Sutton","A217","PU","525000","165400","A232","B278","2.10999999999999990","121.4","418.32","22530.5","361.87","2775.14","463.94","44.85","82.74","6.96","39.43","96.65","734.57","26820.4"
"2008","46834","Counted","Manual count","London","Sutton","A232","PU","525000","163850","A217","Sutton Park Rd","0.81000000000000000","32.23","50.85","4759.94","153.44","529.8","138.66","14.78","6.5","4.14","3.55","9.76","177.39","5671.42"
"2008","48551","Estimated","Estimated using previous year's AADF on this link","London","Sutton","A232","PU","524424","163642","A2043","A217","0.19000000000000000","9.48","18.01","1196.83","54.1","152.42","32.34","2.93","3.48","0.34","0.89","0.68","40.66","1462.03"
"2008","58170","Counted","Manual count","London","Sutton","A24","PU","524000","165908","A2043","LA Boundary","1.42999999999999990","179.94","172.61","7689.13","206.61","1713.58","342.61","53.88","44.98","11.51","17.78","29.29","500.06","10282"
"2008","73994","Counted","Dependent on a neighbouring counted link","London","Sutton","A297","PU","526060","166685","A217","LA Boundary","0.12000000000000000","5.5","12.46","461.8","17.19","74.41","19.92","2.41","0.82","2.37","2.05","4.5","32.07","597.94"
"2008","75328","Estimated","Estimated using previous year's AADF on this link","London","Sutton","A232","PU","525900","164020","Sutton Park Rd","Chalk Pit Rd","0.25000000000000000","19.65","16.37","1208.25","11.55","120.17","20.1","2.46","0.73","0.73","0.55","0.45","25.02","1381.36"
"2008","75329","Counted","Manual count","London","Sutton","A232","PU","525850","163870","Cheam Rd","Carshalton Rd","0.37000000000000000","23.06","27.02","1749.06","93.2","269.77","64.13","7.5","5.05","3.96","2.73","8.6","91.97","2231.01"
"2008","75330","Counted","Manual count","London","Sutton","A232","PU","527000","164230","Chalk Pit Rd","A237","1.68000000000000010","71.23","176.84","8171.02","219.21","1386.5","204.47","30.7","22.72","13.51","4.91","8.6","284.91","10238.5"
"2009","6800","Estimated","Estimated using previous year's AADF on this link","London","Sutton","A232","PU","524000","163540","LA Boundary","A2043","0.62000000000000000","14.97","23.59","2425.18","23.36","265.36","45.13","4.99","2.95","0.45","2.27","3.86","59.65","2797.13"
"2009","6805","Estimated","Estimated using previous year's AADF on this link","London","Sutton","A237","PU","528900","164000","LA Boundary","A232","1.93000000000000010","111.79","223.58","11999.5","732.61","2015.73","268.58","27.42","55.54","14.76","10.55","11.95","388.8","15360.2"
"2009","8493","Estimated","Estimated using previous year's AADF on this link","London","Sutton","A2022","PU","528000","161160","LA Boundary","LA Boundary","1.24000000000000000","3.18","63.96","7432.71","46.27","732.11","63.05","8.62","23.59","11.79","4.08","11.34","122.47","8397.51"
"2009","16783","Estimated","Estimated using previous year's AADF on this link","London","Sutton","A232","PU","529900","165000","A237","LA Boundary","1.42999999999999990","63.64","172.66","12250.7","283.25","1381.31","284.82","92.33","41.73","6.78","35.47","37.56","498.69","14586.7"
"2009","17732","Estimated","Estimated using previous year's AADF on this link","London","Sutton","A217","PU","524800","162990","B2230","A232","1.42999999999999990","29.73","99.11","10924.2","55.29","1324.45","310.9","78.77","51.64","10.43","12.52","44.86","509.12","12912.2"
"2009","18493","Estimated","Estimated using previous year's AADF on this link","London","Sutton","A2043","PU","522310","166000","A24","LA Boundary","0.99000000000000000","45.72","59.15","8432.99","151.68","989.58","103.78","14.88","5.08","2.9","2.9","0.36","129.91","9763.31"
"2009","26828","Estimated","Estimated using previous year's AADF on this link","London","Sutton","A237","PU","528640","165000","A232","LA Boundary","1.62000000000000010","115.58","182.8","7704.78","340.84","1596.86","426.34","59.56","74.3","21.82","21.82","31.25","635.09","10460.4"
"2009","27863","Estimated","Estimated using previous year's AADF on this link","London","Sutton","A2043","PU","524130","164000","A232","A24","1.06000000000000010","23.52","62.46","7301.75","184.3","666.63","106.8","8.87","6.17","0.77","3.86","7.33","133.79","8348.93"
"2009","28511","Estimated","Estimated using previous year's AADF on this link","London","Sutton","A24","PU","523432","165004","LA Boundary","A2043","0.43000000000000000","34.45","30.16","2675.59","16.83","386.11","42.39","4.76","2.7","1.27","2.06","2.7","55.88","3164.57"
"2009","28542","Estimated","Estimated using previous year's AADF on this link","London","Sutton","A217","PU","526133","166658","B278","LA Boundary","0.56000000000000000","24.7","61.64","2360.86","90.22","345.58","61.85","7.76","5.51","2.65","2.65","8.57","89","2947.29"
"2009","36819","Estimated","Estimated using previous year's AADF on this link","London","Sutton","A217","PU","525000","165400","A232","B278","2.10999999999999990","131.09","394.04","22289.3","380.16","2695.84","433.37","46.27","80.2","6.17","30.07","83.28","679.36","26438.7"
"2009","46834","Estimated","Estimated using previous year's AADF on this link","London","Sutton","A232","PU","525000","163850","A217","Sutton Park Rd","0.81000000000000000","34.79","47.76","4708.9","161.57","514.5","129.73","15.04","6.49","3.54","2.95","8.26","166","5598.73"
"2009","48551","Counted","Manual count","London","Sutton","A232","PU","524424","163642","A2043","A217","0.19000000000000000","8.51","16.33","1120.96","34.36","156.83","28.64","2.59","1.29","0.54","0.68","1.29","35.04","1363.52"
"2009","58170","Estimated","Estimated using previous year's AADF on this link","London","Sutton","A24","PU","524000","165908","A2043","LA Boundary","1.42999999999999990","194.57","162.75","7607.09","217.52","1664.04","320.29","54.77","43.82","9.39","13.56","25.04","466.87","10118.3"
"2009","73994","Estimated","Estimated using previous year's AADF on this link","London","Sutton","A297","PU","526060","166685","A217","LA Boundary","0.12000000000000000","5.94","11.75","456.82","18.1","72.3","18.6","2.45","0.82","1.95","1.59","3.9","29.3","588.28"
"2009","75328","Estimated","Estimated using previous year's AADF on this link","London","Sutton","A232","PU","525900","164020","Sutton Park Rd","Chalk Pit Rd","0.25000000000000000","21.23","15.42","1195.33","12.16","116.76","18.78","2.54","0.73","0.64","0.45","0.36","23.5","1363.16"
"2009","75329","Estimated","Estimated using previous year's AADF on this link","London","Sutton","A232","PU","525850","163870","Cheam Rd","Carshalton Rd","0.37000000000000000","24.9","25.45","1730.26","98.11","262.09","59.88","7.62","4.9","3.27","2.04","7.35","85.05","2200.96"
"2009","75330","Estimated","Estimated using previous year's AADF on this link","London","Sutton","A232","PU","527000","164230","Chalk Pit Rd","A237","1.68000000000000010","77.16","166.56","8083.78","230.86","1346.58","191.06","31.23","22.05","11.02","3.67","7.35","266.38","10094.2"
"2010","6800","Estimated","Estimated using previous year's AADF on this link","London","Sutton","A232","PU","524000","163540","LA Boundary","A2043","0.62000000000000000","14.52","22.23","2359.63","24.95","262.41","46.95","4.99","2.49","0.45","1.81","3.4","60.1","2729.32"
"2010","6805","Estimated","Estimated using previous year's AADF on this link","London","Sutton","A237","PU","528900","164000","LA Boundary","A232","1.93000000000000010","108.27","210.22","11676.1","779.01","1993.94","279.12","27.42","47.81","15.47","8.44","10.55","388.8","15048"
"2010","8493","Estimated","Estimated using previous year's AADF on this link","London","Sutton","A2022","PU","528000","161160","LA Boundary","LA Boundary","1.24000000000000000","3.18","60.33","7232.21","48.99","724.4","65.77","8.62","19.96","12.7","3.63","10.43","121.11","8187.04"
"2010","16783","Counted","Manual count","London","Sutton","A232","PU","529900","165000","A237","LA Boundary","1.42999999999999990","49.56","183.62","14698.8","275.43","1077.19","329.68","37.04","52.16","11.48","14.61","19.3","464.26","16699.3"
"2010","17732","Estimated","Estimated using previous year's AADF on this link","London","Sutton","A217","PU","524800","162990","B2230","A232","1.42999999999999990","28.69","92.85","10629","58.95","1309.84","322.9","78.25","44.34","10.95","10.43","40.69","507.56","12598.2"
"2010","18493","Estimated","Estimated using previous year's AADF on this link","London","Sutton","A2043","PU","522310","166000","A24","LA Boundary","0.99000000000000000","44.27","55.52","8205.46","161.12","978.69","107.78","14.88","4.35","2.9","2.54","0.36","132.81","9533.6"
"2010","26828","Counted","Manual count","London","Sutton","A237","PU","528640","165000","A232","LA Boundary","1.62000000000000010","75.48","105.55","5074.21","105.55","742.41","126.19","19.46","24.77","5.9","8.85","38.33","223.49","6251.21"
"2010","27863","Estimated","Estimated using previous year's AADF on this link","London","Sutton","A2043","PU","524130","164000","A232","A24","1.06000000000000010","23.13","58.61","7104.73","195.86","659.31","111.04","8.87","5.01","0.77","3.47","6.55","135.72","8154.23"
"2010","28511","Estimated","Estimated using previous year's AADF on this link","London","Sutton","A24","PU","523432","165004","LA Boundary","A2043","0.43000000000000000","34.77","28.74","2659.55","19.05","412.3","45.25","4.76","2.38","1.59","2.06","2.7","58.74","3178.38"
"2010","28542","Estimated","Estimated using previous year's AADF on this link","London","Sutton","A217","PU","526133","166658","B278","LA Boundary","0.56000000000000000","23.88","57.97","2297.17","95.94","341.9","64.09","7.76","4.69","2.86","2.25","7.76","89.4","2882.38"
"2010","36819","Estimated","Estimated using previous year's AADF on this link","London","Sutton","A217","PU","525000","165400","A232","B278","2.10999999999999990","127.24","369.37","21687","404.07","2666.54","450.34","46.27","68.63","6.17","25.45","76.34","673.19","25800.2"
"2010","46834","Estimated","Estimated using previous year's AADF on this link","London","Sutton","A232","PU","525000","163850","A217","Sutton Park Rd","0.81000000000000000","33.61","44.82","4581.82","171.89","508.89","134.74","15.04","5.6","3.54","2.36","7.37","168.65","5476.08"
"2010","48551","Estimated","Estimated using previous year's AADF on this link","London","Sutton","A232","PU","524424","163642","A2043","A217","0.19000000000000000","8.23","15.38","1090.75","36.54","155.13","29.73","2.59","1.16","0.54","0.61","1.16","35.79","1333.59"
"2010","58170","Estimated","Estimated using previous year's AADF on this link","London","Sutton","A24","PU","524000","165908","A2043","LA Boundary","1.42999999999999990","188.31","152.84","7401.57","231.09","1645.78","332.81","54.25","37.56","9.91","11.48","22.95","468.96","9900.23"
"2010","73994","Estimated","Estimated using previous year's AADF on this link","London","Sutton","A297","PU","526060","166685","A217","LA Boundary","0.12000000000000000","5.72","11.07","444.48","19.23","71.53","19.32","2.45","0.68","2.04","1.36","3.58","29.44","575.76"
"2010","75328","Counted","Manual count","London","Sutton","A232","PU","525900","164020","Sutton Park Rd","Chalk Pit Rd","0.25000000000000000","2.72","11.52","1047.18","6.89","87.54","17.24","1.72","0.73","0.91","1.81","0","22.41","1175.55"
"2010","75329","Estimated","Estimated using previous year's AADF on this link","London","Sutton","A232","PU","525850","163870","Cheam Rd","Carshalton Rd","0.37000000000000000","24.09","23.95","1683.59","104.24","259.23","62.19","7.48","4.22","3.4","1.77","6.67","85.73","2156.74"
"2010","75330","Estimated","Estimated using previous year's AADF on this link","London","Sutton","A232","PU","527000","164230","Chalk Pit Rd","A237","1.68000000000000010","74.71","156.76","7865.17","245.56","1331.89","198.41","31.23","18.98","11.63","3.06","6.74","270.05","9869.43"
"2011","6800","Estimated","Estimated using previous year's AADF on this link","London","Sutton","A232","PU","524000","163540","LA Boundary","A2043","0.62000000000000000","14.52","22.23","2352.37","25.86","261.05","46.95","5.44","2.95","0.45","1.81","3.86","61.46","2722.97"
"2011","6805","Estimated","Estimated using previous year's AADF on this link","London","Sutton","A237","PU","528900","164000","LA Boundary","A232","1.93000000000000010","107.57","208.82","11641.6","804.33","1984.1","279.12","29.53","54.14","11.95","8.44","11.95","395.13","15034"
"2011","8493","Estimated","Estimated using previous year's AADF on this link","London","Sutton","A2022","PU","528000","161160","LA Boundary","LA Boundary","1.24000000000000000","3.18","60.33","7210.89","50.8","720.77","65.77","9.07","22.23","9.98","3.63","11.34","122.02","8164.82"
"2011","16783","Counted","Manual count","London","Sutton","A232","PU","529900","165000","A237","LA Boundary","1.42999999999999990","92.33","161.19","11589.3","316.64","1678.64","232.65","69.38","45.38","13.56","24.52","17.74","403.23","14149"
"2011","17732","Estimated","Estimated using previous year's AADF on this link","London","Sutton","A217","PU","524800","162990","B2230","A232","1.42999999999999990","28.69","92.33","10597.1","61.03","1303.06","322.9","83.98","50.08","8.87","10.43","43.82","520.08","12573.6"
"2011","18493","Estimated","Estimated using previous year's AADF on this link","London","Sutton","A2043","PU","522310","166000","A24","LA Boundary","0.99000000000000000","44.27","55.52","8181.15","166.56","973.97","107.78","15.97","5.08","2.54","2.54","0.36","134.27","9511.47"
"2011","26828","Estimated","Estimated using previous year's AADF on this link","London","Sutton","A237","PU","528640","165000","A232","LA Boundary","1.62000000000000010","75.48","104.96","5058.88","109.09","738.87","126.19","20.64","27.72","4.72","8.85","41.28","229.39","6241.19"
"2011","27863","Estimated","Estimated using previous year's AADF on this link","London","Sutton","A2043","PU","524130","164000","A232","A24","1.06000000000000010","23.13","58.61","7083.14","202.03","655.84","111.04","9.64","5.78","0.77","3.47","7.33","138.03","8137.65"
"2011","28511","Counted","Dependent on a neighbouring counted link","London","Sutton","A24","PU","523432","165004","LA Boundary","A2043","0.43000000000000000","41.6","48.26","2367.43","17.46","384.99","20.64","3.18","4.6","2.06","3.33","3.33","37.15","2855.3"
"2011","28542","Estimated","Estimated using previous year's AADF on this link","London","Sutton","A217","PU","526133","166658","B278","LA Boundary","0.56000000000000000","23.88","57.56","2290.44","99","340.06","64.09","8.37","5.31","2.25","2.25","8.37","90.63","2877.69"
"2011","36819","Counted","Manual count","London","Sutton","A217","PU","525000","165400","A232","B278","2.10999999999999990","84.05","330.04","21680.9","426.43","3174.71","235.19","82.51","100.25","0","7.71","50.12","475.78","26087.8"
"2011","46834","Estimated","Estimated using previous year's AADF on this link","London","Sutton","A232","PU","525000","163850","A217","Sutton Park Rd","0.81000000000000000","33.61","44.82","4567.97","177.49","506.24","134.74","16.22","6.19","2.95","2.36","7.96","170.42","5466.93"
"2011","48551","Estimated","Estimated using previous year's AADF on this link","London","Sutton","A232","PU","524424","163642","A2043","A217","0.19000000000000000","8.23","15.31","1087.49","37.76","154.38","29.73","2.79","1.29","0.41","0.61","1.29","36.13","1331.07"
"2011","58170","Estimated","Estimated using previous year's AADF on this link","London","Sutton","A24","PU","524000","165908","A2043","LA Boundary","1.42999999999999990","187.27","151.8","7379.14","238.91","1637.43","332.81","58.95","42.25","7.82","11.48","24.52","477.82","9885.1"
"2011","73994","Estimated","Estimated using previous year's AADF on this link","London","Sutton","A297","PU","526060","166685","A217","LA Boundary","0.12000000000000000","5.72","11.02","443.17","19.82","71.17","19.32","2.63","0.77","1.59","1.36","3.86","29.53","574.71"
"2011","75328","Estimated","Estimated using previous year's AADF on this link","London","Sutton","A232","PU","525900","164020","Sutton Park Rd","Chalk Pit Rd","0.25000000000000000","2.72","11.43","1044.01","7.08","87.09","17.24","1.91","0.82","0.73","1.81","0","22.5","1172.1"
"2011","75329","Estimated","Estimated using previous year's AADF on this link","London","Sutton","A232","PU","525850","163870","Cheam Rd","Carshalton Rd","0.37000000000000000","23.95","23.81","1678.55","107.64","257.87","62.19","8.03","4.76","2.72","1.77","7.21","86.68","2154.56"
"2011","75330","Estimated","Estimated using previous year's AADF on this link","London","Sutton","A232","PU","527000","164230","Chalk Pit Rd","A237","1.68000000000000010","74.71","155.54","7841.29","252.91","1325.15","198.41","33.68","21.43","9.19","3.06","7.35","273.11","9847.99"
"2012","6800","Estimated","Estimated using previous year's AADF on this link","London","Sutton","A232","PU","524000","163540","LA Boundary","A2043","0.62000000000000000","12.47","24.27","2307.47","25.4","254.92","49.44","6.12","3.4","0.45","2.04","4.31","66","2678.06"
"2012","6805","Estimated","Estimated using previous year's AADF on this link","London","Sutton","A237","PU","528900","164000","LA Boundary","A232","1.93000000000000010","92.81","227.1","11419.5","792.37","1937.69","294.59","33.75","64.68","9.84","9.14","13.36","425.36","14802"
"2012","8493","Estimated","Estimated using previous year's AADF on this link","London","Sutton","A2022","PU","528000","161160","LA Boundary","LA Boundary","1.24000000000000000","2.72","65.77","7073.45","49.9","703.99","69.4","10.43","26.31","8.16","4.08","13.15","131.54","8024.2"
"2012","16783","Estimated","Estimated using previous year's AADF on this link","London","Sutton","A232","PU","529900","165000","A237","LA Boundary","1.42999999999999990","79.81","175.27","11368.1","311.94","1639","245.17","78.77","53.73","11.48","26.08","20.34","436.09","13931"
"2012","17732","Counted","Manual count","London","Sutton","A217","PU","524800","162990","B2230","A232","1.42999999999999990","36.51","188.83","11420.3","89.2","693.78","107.98","12.52","26.08","5.22","4.17","28.69","185.18","12577.3"
"2012","18493","Estimated","Estimated using previous year's AADF on this link","London","Sutton","A2043","PU","522310","166000","A24","LA Boundary","0.99000000000000000","38.1","60.24","8025.11","164.02","951.11","113.58","18.14","6.17","2.18","2.54","0.36","142.98","9343.82"
"2012","26828","Estimated","Estimated using previous year's AADF on this link","London","Sutton","A237","PU","528640","165000","A232","LA Boundary","1.62000000000000010","65.45","113.81","4962.17","107.32","721.77","133.27","23.59","33.02","4.13","9.43","47.17","250.02","6155.68"
"2012","27863","Counted","Manual count","London","Sutton","A2043","PU","524130","164000","A232","A24","1.06000000000000010","30.07","52.44","5408.26","147.28","532.85","72.49","26.99","1.16","1.54","1.54","1.93","106.03","6247.24"
"2012","28511","Estimated","Estimated using previous year's AADF on this link","London","Sutton","A24","PU","523432","165004","LA Boundary","A2043","0.43000000000000000","39.37","46.2","2330.44","19.05","389.6","20.8","3.49","5.24","1.43","3.02","3.18","37.15","2822.28"
"2012","28542","Estimated","Estimated using previous year's AADF on this link","London","Sutton","A217","PU","526133","166658","B278","LA Boundary","0.56000000000000000","20.62","62.66","2246.75","97.57","332.1","67.56","9.59","6.33","1.84","2.45","9.59","97.37","2836.25"
"2012","36819","Estimated","Estimated using previous year's AADF on this link","London","Sutton","A217","PU","525000","165400","A232","B278","2.10999999999999990","72.49","358.57","21267.5","420.26","3099.91","248.3","94.08","119.52","0","8.48","57.06","526.68","25673"
"2012","46834","Counted","Manual count","London","Sutton","A232","PU","525000","163850","A217","Sutton Park Rd","0.81000000000000000","22.41","79.02","4506.34","146.83","589.68","75.77","17.99","21.52","0.29","12.68","14.45","143.29","5465.17"
"2012","48551","Estimated","Estimated using previous year's AADF on this link","London","Sutton","A232","PU","524424","163642","A2043","A217","0.19000000000000000","7.14","16.67","1066.73","37.22","150.78","31.37","3.2","1.56","0.34","0.68","1.5","38.58","1309.91"
"2012","58170","Counted","Manual count","London","Sutton","A24","PU","524000","165908","A2043","LA Boundary","1.42999999999999990","112.15","175.79","7992.06","176.84","1276.98","166.93","12","16.69","0","13.56","21.39","230.57","9852.76"
"2012","73994","Estimated","Estimated using previous year's AADF on this link","London","Sutton","A297","PU","526060","166685","A217","LA Boundary","0.12000000000000000","4.94","11.98","434.73","19.55","69.49","20.37","2.99","0.91","1.32","1.45","4.4","31.48","567.23"
"2012","75328","Estimated","Estimated using previous year's AADF on this link","London","Sutton","A232","PU","525900","164020","Sutton Park Rd","Chalk Pit Rd","0.25000000000000000","2.36","12.43","1024.14","6.99","85","18.14","2.18","1","0.64","1.91","0","23.86","1152.42"
"2012","75329","Estimated","Estimated using previous year's AADF on this link","London","Sutton","A232","PU","525850","163870","Cheam Rd","Carshalton Rd","0.37000000000000000","20.68","25.86","1646.57","106.01","251.75","65.59","9.12","5.72","2.31","1.91","8.3","92.81","2123.12"
"2012","75330","Estimated","Estimated using previous year's AADF on this link","London","Sutton","A232","PU","527000","164230","Chalk Pit Rd","A237","1.68000000000000010","64.3","169.01","7691.87","249.23","1293.92","209.43","38.58","25.72","7.96","3.06","8.57","292.71","9696.74"
"2013","6800","Estimated","Estimated using previous year's AADF on this link","London","Sutton","A232","PU","524000","163540","LA Boundary","A2043","0.62000000000000000","10.27","23.6","2327.59","23.51","261.3","50.35","6.78","4.02","0.3","1.97","4.79","68.22","2704.22"
"2013","6805","Estimated","Estimated using previous year's AADF on this link","London","Sutton","A237","PU","528900","164000","LA Boundary","A232","1.93000000000000010","76.14","221.73","11518.9","731.27","1986.06","299.36","36.81","73.8","7.94","9.15","14.86","441.93","14899.9"
"2013","8493","Estimated","Estimated using previous year's AADF on this link","London","Sutton","A2022","PU","528000","161160","LA Boundary","LA Boundary","1.24000000000000000","2.25","64.06","7134.91","46.19","721.48","70.54","11.3","30.3","6.63","3.93","14.09","136.82","8103.46"
"2013","16783","Estimated","Estimated using previous year's AADF on this link","London","Sutton","A232","PU","529900","165000","A237","LA Boundary","1.42999999999999990","65.36","171.16","11467.2","287.88","1680.3","249.52","86.47","61.87","9.01","26.6","22.04","455.53","14062"
"2013","17732","Estimated","Estimated using previous year's AADF on this link","London","Sutton","A217","PU","524800","162990","B2230","A232","1.42999999999999990","29.79","184.45","11519.6","82.13","711.47","109.99","13.85","30.13","3.95","4.49","31.26","193.69","12691.4"
"2013","18493","Estimated","Estimated using previous year's AADF on this link","London","Sutton","A2043","PU","522310","166000","A24","LA Boundary","0.99000000000000000","31.34","58.95","8094.93","151.43","974.93","115.59","19.9","6.92","1.69","2.75","0.45","147.31","9427.57"
"2013","26828","Estimated","Estimated using previous year's AADF on this link","London","Sutton","A237","PU","528640","165000","A232","LA Boundary","1.62000000000000010","53.43","111.46","5005.56","99.18","739.6","135.34","25.72","37.78","3.13","9.59","51.31","262.89","6218.7"
"2013","27863","Estimated","Estimated using previous year's AADF on this link","London","Sutton","A2043","PU","524130","164000","A232","A24","1.06000000000000010","24.72","51.36","5455.47","135.72","546.26","73.7","29.58","1.32","1.34","1.71","2.29","109.95","6298.77"
"2013","28511","Estimated","Estimated using previous year's AADF on this link","London","Sutton","A24","PU","523432","165004","LA Boundary","A2043","0.43000000000000000","38.84","51.42","2309.94","19.85","404.88","21.04","3.76","5.97","1.07","2.82","3.23","37.88","2823.97"
"2013","28542","Estimated","Estimated using previous year's AADF on this link","London","Sutton","A217","PU","526133","166658","B278","LA Boundary","0.56000000000000000","16.91","61.12","2266.3","90.01","340.4","68.74","10.43","7.23","1.49","2.44","10.4","100.74","2858.57"
"2013","36819","Estimated","Estimated using previous year's AADF on this link","London","Sutton","A217","PU","525000","165400","A232","B278","2.10999999999999990","59.49","350.46","21452.4","387.7","3177.85","252.24","102.84","136.67","0","8.36","62.31","562.43","25930.8"
"2013","46834","Estimated","Estimated using previous year's AADF on this link","London","Sutton","A232","PU","525000","163850","A217","Sutton Park Rd","0.81000000000000000","18.26","77.27","4545.54","135.56","604.6","77.17","19.87","24.66","0.27","12.97","15.71","150.66","5513.64"
"2013","48551","Counted","Manual count","London","Sutton","A232","PU","524424","163642","A2043","A217","0.19000000000000000","8.63","21.61","1073.43","34.45","146","16.54","1.41","1.34","0.07","0.22","1.44","21.03","1296.52"
"2013","58170","Estimated","Estimated using previous year's AADF on this link","London","Sutton","A24","PU","524000","165908","A2043","LA Boundary","1.42999999999999990","91.64","171.8","8061.8","163.08","1309.31","169.79","13.38","19.03","0","13.56","23.23","239","9945"
"2013","73994","Estimated","Estimated using previous year's AADF on this link","London","Sutton","A297","PU","526060","166685","A217","LA Boundary","0.12000000000000000","4.05","11.7","438.5","18.02","71.24","20.72","3.28","1.05","1.05","1.48","4.79","32.38","571.84"
"2013","75328","Estimated","Estimated using previous year's AADF on this link","London","Sutton","A232","PU","525900","164020","Sutton Park Rd","Chalk Pit Rd","0.25000000000000000","1.93","12.14","1033.01","6.43","87.18","18.49","2.37","1.11","0.48","1.97","0","24.42","1163.18"
"2013","75329","Estimated","Estimated using previous year's AADF on this link","London","Sutton","A232","PU","525850","163870","Cheam Rd","Carshalton Rd","0.37000000000000000","16.95","25.29","1660.86","97.86","258.13","66.7","10.01","6.49","1.81","1.92","8.96","95.89","2138.03"
"2013","75330","Estimated","Estimated using previous year's AADF on this link","London","Sutton","A232","PU","527000","164230","Chalk Pit Rd","A237","1.68000000000000010","52.88","165.16","7758.65","229.94","1326.46","212.79","41.98","29.22","6.1","3.32","9.13","302.55","9782.77"
"2014","6800","Estimated","Estimated using previous year's AADF on this link","London","Sutton","A232","PU","524000","163540","LA Boundary","A2043","0.62000000000000000","11.55","24.45","2334.32","22.55","270.11","46.09","6.73","3.93","0.3","1.78","5.01","63.83","2715.26"
"2014","6805","Estimated","Estimated using previous year's AADF on this link","London","Sutton","A237","PU","528900","164000","LA Boundary","A232","1.93000000000000000","85.57","229.72","11552.3","701.58","2053","274.01","36.49","72.15","7.81","8.28","15.52","414.26","14950.8"
"2014","8493","Estimated","Estimated using previous year's AADF on this link","London","Sutton","A2022","PU","528000","161160","LA Boundary","LA Boundary","1.24000000000000000","2.53","66.37","7155.54","44.31","745.8","64.57","11.21","29.62","6.52","3.56","14.73","130.21","8142.24"
"2014","16783","Estimated","Estimated using previous year's AADF on this link","London","Sutton","A232","PU","529900","165000","A237","LA Boundary","1.43000000000000000","73.44","177.33","11500.3","276.19","1736.94","228.39","85.73","60.48","8.86","24.06","23.03","430.56","14121.4"
"2014","17732","Estimated","Estimated using previous year's AADF on this link","London","Sutton","A217","PU","524800","162990","B2230","A232","1.43000000000000000","33.47","191.1","11552.9","78.8","735.45","100.68","13.73","29.46","3.89","4.06","32.66","184.48","12742.8"
"2014","18493","Estimated","Estimated using previous year's AADF on this link","London","Sutton","A2043","PU","522310","166000","A24","LA Boundary","0.99000000000000000","35.22","61.08","8118.35","145.29","1007.8","105.8","19.73","6.77","1.66","2.49","0.47","136.93","9469.44"
"2014","26828","Estimated","Estimated using previous year's AADF on this link","London","Sutton","A237","PU","528640","165000","A232","LA Boundary","1.62000000000000000","60.04","115.47","5020.04","95.16","764.53","123.88","25.5","36.94","3.08","8.68","53.61","251.69","6246.89"
"2014","27863","Estimated","Estimated using previous year's AADF on this link","London","Sutton","A2043","PU","524130","164000","A232","A24","1.06000000000000000","27.78","53.21","5471.25","130.21","564.67","67.46","29.33","1.3","1.32","1.55","2.4","103.34","6322.7"
"2014","28511","Estimated","Estimated using previous year's AADF on this link","London","Sutton","A24","PU","523432","165004","LA Boundary","A2043","0.43000000000000000","37.69","49.2","2372.59","19.11","432.98","21.54","4.17","6.52","0.95","2.3","3.05","38.54","2912.42"
"2014","28542","Estimated","Estimated using previous year's AADF on this link","London","Sutton","A217","PU","526133","166658","B278","LA Boundary","0.56000000000000000","19","63.33","2272.85","86.35","351.87","62.92","10.34","7.07","1.47","2.2","10.87","94.87","2869.28"
"2014","36819","Estimated","Estimated using previous year's AADF on this link","London","Sutton","A217","PU","525000","165400","A232","B278","2.11000000000000000","66.86","363.09","21514.4","371.96","3284.96","230.88","101.96","133.6","0","7.57","65.1","539.11","26073.5"
"2014","46834","Estimated","Estimated using previous year's AADF on this link","London","Sutton","A232","PU","525000","163850","A217","Sutton Park Rd","0.81000000000000000","20.52","80.05","4558.69","130.06","624.98","70.64","19.7","24.1","0.26","11.73","16.42","142.86","5536.64"
"2014","48551","Estimated","Estimated using previous year's AADF on this link","London","Sutton","A232","PU","524424","163642","A2043","A217","0.19000000000000000","9.7","22.39","1076.54","33.05","150.92","15.14","1.4","1.31","0.07","0.2","1.51","19.63","1302.53"
"2014","58170","Estimated","Estimated using previous year's AADF on this link","London","Sutton","A24","PU","524000","165908","A2043","LA Boundary","1.43000000000000000","102.98","177.99","8085.12","156.46","1353.45","155.42","13.27","18.6","0","12.27","24.27","223.83","9996.84"
"2014","73994","Estimated","Estimated using previous year's AADF on this link","London","Sutton","A297","PU","526060","166685","A217","LA Boundary","0.12000000000000000","4.55","12.13","439.77","17.29","73.64","18.97","3.25","1.03","1.04","1.34","5.01","30.63","573.45"
"2014","75328","Estimated","Estimated using previous year's AADF on this link","London","Sutton","A232","PU","525900","164020","Sutton Park Rd","Chalk Pit Rd","0.25000000000000000","2.16","12.58","1035.99","6.17","90.12","16.92","2.35","1.09","0.47","1.78","0","22.62","1167.48"
"2014","75329","Estimated","Estimated using previous year's AADF on this link","London","Sutton","A232","PU","525850","163870","Cheam Rd","Carshalton Rd","0.37000000000000000","19.05","26.2","1665.67","93.89","266.83","61.05","9.92","6.35","1.78","1.74","9.37","90.2","2142.78"
"2014","75330","Estimated","Estimated using previous year's AADF on this link","London","Sutton","A232","PU","527000","164230","Chalk Pit Rd","A237","1.68000000000000000","59.43","171.11","7781.1","220.6","1371.17","194.77","41.62","28.56","6","3","9.54","283.5","9827.48"
"2015","6800","Estimated","Estimated using previous year's AADF on this link","London","Sutton","A232","PU","524000","163540","LA Boundary","A2043","0.62000000000000000","13.24","23.16","2326.45","21.62","281.04","45.76","7.21","3.91","0.35","1.7","4.8","63.74","2716.01"
"2015","6805","Counted","Manual count","London","Sutton","A237","PU","528900","164000","LA Boundary","A232","1.93000000000000000","74.52","160.22","11434","667.25","1994.56","154.5","24.43","30.9","11.8","21.08","15.17","257.89","14514"
"2015","8493","Estimated","Estimated using previous year's AADF on this link","London","Sutton","A2022","PU","528000","161160","LA Boundary","LA Boundary","1.24000000000000000","2.9","62.85","7131.43","42.48","775.99","64.11","12.02","29.45","7.72","3.41","14.12","130.83","8143.57"
"2015","16783","Estimated","Estimated using previous year's AADF on this link","London","Sutton","A232","PU","529900","165000","A237","LA Boundary","1.43000000000000000","84.25","167.92","11461.6","264.75","1807.23","226.77","91.96","60.13","10.49","23.02","22.09","434.45","14135.9"
"2015","17732","Estimated","Estimated using previous year's AADF on this link","London","Sutton","A217","PU","524800","162990","B2230","A232","1.43000000000000000","38.4","180.96","11514","75.53","765.22","99.96","14.73","29.29","4.6","3.89","31.32","183.79","12719.5"
"2015","18493","Counted","Manual count","London","Sutton","A2043","PU","522310","166000","A24","LA Boundary","0.99000000000000000","182.94","156.74","7351.26","174.83","1121.5","78.1","10.65","10.3","2.08","2.92","3.33","107.38","8911.71"
"2015","26828","Estimated","Estimated using previous year's AADF on this link","London","Sutton","A237","PU","528640","165000","A232","LA Boundary","1.62000000000000000","68.87","109.35","5003.12","91.21","795.47","123","27.36","36.72","3.65","8.31","51.4","250.44","6249.59"
"2015","27863","Estimated","Estimated using previous year's AADF on this link","London","Sutton","A2043","PU","524130","164000","A232","A24","1.06000000000000000","31.87","50.39","5452.81","124.82","587.52","66.98","31.46","1.29","1.56","1.48","2.3","105.06","6320.61"
"2015","28511","Estimated","Estimated using previous year's AADF on this link","London","Sutton","A24","PU","523432","165004","LA Boundary","A2043","0.43000000000000000","35.04","43.43","2419.56","20.59","454.04","20.44","4.28","6.2","1.13","2.21","2.94","37.19","2974.81"
"2015","28542","Estimated","Estimated using previous year's AADF on this link","London","Sutton","A217","PU","526133","166658","B278","LA Boundary","0.56000000000000000","21.79","59.97","2265.19","82.77","366.11","62.47","11.09","7.03","1.74","2.11","10.42","94.86","2868.92"
"2015","36819","Estimated","Estimated using previous year's AADF on this link","London","Sutton","A217","PU","525000","165400","A232","B278","2.11000000000000000","76.69","343.83","21441.9","356.55","3417.9","229.25","109.36","132.83","0","7.24","62.42","541.09","26101.3"
"2015","46834","Estimated","Estimated using previous year's AADF on this link","London","Sutton","A232","PU","525000","163850","A217","Sutton Park Rd","0.81000000000000000","23.54","75.81","4543.32","124.67","650.28","70.14","21.13","23.97","0.31","11.23","15.74","142.51","5536.59"
"2015","48551","Estimated","Estimated using previous year's AADF on this link","London","Sutton","A232","PU","524424","163642","A2043","A217","0.19000000000000000","11.13","21.2","1072.91","31.68","157.03","15.03","1.5","1.31","0.08","0.19","1.44","19.56","1302.38"
"2015","58170","Estimated","Estimated using previous year's AADF on this link","London","Sutton","A24","PU","524000","165908","A2043","LA Boundary","1.43000000000000000","118.13","168.55","8057.87","149.98","1408.22","154.32","14.23","18.5","0","11.74","23.27","222.05","10006.7"
"2015","73994","Estimated","Estimated using previous year's AADF on this link","London","Sutton","A297","PU","526060","166685","A217","LA Boundary","0.12000000000000000","5.22","11.48","438.28","16.57","76.62","18.84","3.49","1.02","1.23","1.28","4.8","30.65","573.61"
"2015","75328","Estimated","Estimated using previous year's AADF on this link","London","Sutton","A232","PU","525900","164020","Sutton Park Rd","Chalk Pit Rd","0.25000000000000000","2.48","11.91","1032.5","5.92","93.76","16.8","2.53","1.08","0.56","1.7","0","22.67","1166.76"
"2015","75329","Estimated","Estimated using previous year's AADF on this link","London","Sutton","A232","PU","525850","163870","Cheam Rd","Carshalton Rd","0.37000000000000000","21.85","24.81","1660.05","90","277.63","60.62","10.64","6.31","2.1","1.66","8.98","90.32","2142.8"
"2015","75330","Estimated","Estimated using previous year's AADF on this link","London","Sutton","A232","PU","527000","164230","Chalk Pit Rd","A237","1.68000000000000000","68.17","162.04","7754.87","211.46","1426.66","193.39","44.64","28.4","7.1","2.87","9.15","285.56","9840.59"
"2016","6800","Estimated","Estimated using previous year's AADF on this link","London","Sutton","A232","PU","524000","163540","LA Boundary","A2043","0.62000000000000000","21.85","28","2318.63","22.13","290.12","43.62","6.44","3.92","0.31","1.68","5.3","61.27","2720.15"
"2016","6805","Estimated","Estimated using previous year's AADF on this link","London","Sutton","A237","PU","528900","164000","LA Boundary","A232","1.93000000000000000","122.93","193.78","11395.6","683.1","2058.94","147.27","21.82","31","10.47","20.82","16.75","248.12","14579.6"
"2016","8493","Counted","Manual count","London","Sutton","A2022","PU","528000","161160","LA Boundary","LA Boundary","1.24000000000000000","17.41","112.39","10144.7","15.99","1506.81","119.03","14","35.45","2.9","4.64","4.64","180.67","11960.5"
"2016","16783","Counted","Manual count","London","Sutton","A232","PU","529900","165000","A237","LA Boundary","1.43000000000000000","70.67","175.21","11854.9","310.39","2018.59","217.54","49.82","43.73","15.41","15.41","13.94","355.84","14715"
"2016","17732","Estimated","Estimated using previous year's AADF on this link","London","Sutton","A217","PU","524800","162990","B2230","A232","1.43000000000000000","63.35","218.86","11475.3","77.33","789.91","95.28","13.15","29.38","4.08","3.84","34.56","180.3","12741.7"
"2016","18493","Estimated","Estimated using previous year's AADF on this link","London","Sutton","A2043","PU","522310","166000","A24","LA Boundary","0.99000000000000000","301.8","189.57","7326.55","178.98","1157.7","74.44","9.51","10.33","1.85","2.88","3.68","102.69","8955.49"
"2016","26828","Estimated","Estimated using previous year's AADF on this link","London","Sutton","A237","PU","528640","165000","A232","LA Boundary","1.62000000000000000","113.62","132.25","4986.31","93.38","821.15","117.24","24.43","36.84","3.24","8.2","56.73","246.68","6279.76"
"2016","27863","Estimated","Estimated using previous year's AADF on this link","London","Sutton","A2043","PU","524130","164000","A232","A24","1.06000000000000000","52.57","60.95","5434.49","127.78","606.49","63.84","28.09","1.29","1.38","1.46","2.53","98.61","6328.31"
"2016","28511","Estimated","Estimated using previous year's AADF on this link","London","Sutton","A24","PU","523432","165004","LA Boundary","A2043","0.43000000000000000","32.55","41.64","2484.09","20.51","488.9","21.21","4.16","6.77","1.06","2.31","3.42","38.92","3074.06"
"2016","28542","Estimated","Estimated using previous year's AADF on this link","London","Sutton","A217","PU","526133","166658","B278","LA Boundary","0.56000000000000000","35.95","72.53","2257.58","84.74","377.93","59.55","9.9","7.05","1.54","2.08","11.5","91.63","2884.41"
"2016","36819","Counted","Manual count","London","Sutton","A217","PU","525050","165454","A232","B278","2.11000000000000000","137.51","411.48","23467.3","233","3865.63","339.13","36.83","52.94","18.3","85.41","89.48","622.1","28599.5"
"2016","46834","Estimated","Estimated using previous year's AADF on this link","London","Sutton","A232","PU","525000","163850","A217","Sutton Park Rd","0.81000000000000000","38.84","91.68","4528.05","127.63","671.26","66.85","18.87","24.04","0.28","11.09","17.37","138.5","5557.14"
"2016","48551","Estimated","Estimated using previous year's AADF on this link","London","Sutton","A232","PU","524424","163642","A2043","A217","0.19000000000000000","18.36","25.64","1069.3","32.44","162.1","14.33","1.34","1.31","0.07","0.18","1.59","18.84","1308.31"
"2016","58170","Estimated","Estimated using previous year's AADF on this link","London","Sutton","A24","PU","524000","165908","A2043","LA Boundary","1.43000000000000000","194.89","203.85","8030.79","153.54","1453.67","147.09","12.71","18.56","0","11.59","25.68","215.63","10057.5"
"2016","73994","Estimated","Estimated using previous year's AADF on this link","London","Sutton","A297","PU","526060","166685","A217","LA Boundary","0.12000000000000000","8.6","13.89","436.81","16.97","79.09","17.95","3.11","1.03","1.09","1.26","5.3","29.74","576.5"
"2016","75328","Estimated","Estimated using previous year's AADF on this link","London","Sutton","A232","PU","525900","164020","Sutton Park Rd","Chalk Pit Rd","0.25000000000000000","4.1","14.4","1029.03","6.06","96.79","16.01","2.25","1.09","0.5","1.68","0","21.53","1167.82"
"2016","75329","Estimated","Estimated using previous year's AADF on this link","London","Sutton","A232","PU","525850","163870","Cheam Rd","Carshalton Rd","0.37000000000000000","36.05","30","1654.47","92.14","286.59","57.78","9.5","6.33","1.87","1.64","9.91","87.03","2150.23"
"2016","75330","Estimated","Estimated using previous year's AADF on this link","London","Sutton","A232","PU","527000","164230","Chalk Pit Rd","A237","1.68000000000000000","112.46","195.97","7728.81","216.48","1472.71","184.33","39.86","28.49","6.3","2.84","10.1","271.92","9885.89"
